Vertex ID,world x,world y,adjacencies
0,12.642857142857142,-12.685714285714285,[582 357 412 793 674 550 314 153]
1,0.6375000000000011,12.7,[782 571 925 373 802 109 260 251]
2,17.385714285714286,7.371428571428574,[707 448 133 836 618 487 284 907]
3,-6.449999999999999,-3.4000000000000004,[473 667 564 302 619 237 270 638]
4,8.990000000000002,-2.0299999999999994,[882 808 372 325]
5,20.333333333333332,2.3333333333333357,[936 965 190 837 708 450 240 595]
6,21.816666666666666,-7.683333333333334,[850 766 773 506 425 481 512 199]
7,-3.5954545454545457,5.136363636363637,[414 279 611 259 684 538 992 695]
8,3.8000000000000007,-11.378571428571428,[930 682 331 949 515 909 697  94]
9,11.07,9.27,[387 585 549 827 465 996 287 601]
10,-8.099999999999998,-12.566666666666666,[753 603 658 569 890 243 179 958]
11,-11.133333333333331,6.741666666666667,[856 532 551 347 629 229 568  35]
12,6.800000000000001,1.071428571428573,[631 388 565]
13,13.630000000000003,1.9400000000000013,[666 842 900 499 120]
14,16.212500000000002,-5.075000000000001,[587 998 494 390 895 662  72 790]
15,22.533333333333335,12.516666666666662,[701 573 777 698 723 355 641 264]
16,0.5000000000000018,-7.408333333333333,[]
17,0.3357142857142872,0.27857142857142847,[]
18,3.887500000000003,9.912500000000001,[393 761 126 929 873 617 267 476]
19,-7.558333333333331,13.125,[923 818 400 205 124 162 417 985]
20,25.780000000000005,-13.570000000000002,[838 791 621 145 910 252 316 477]
21,23.2,1.4250000000000007,[438 277 367 536 914 870 794 595]
22,-8.972222222222221,0.13333333333333464,[640 332 714 424 490 159 689 592]
23,2.064285714285715,5.428571428571427,[496 507 597 830 336 495 725 734]
24,-4.349999999999999,-10.100000000000001,[748 516 675 669 238 926 213 403]
25,10.562500000000004,-7.75,[]
26,18.083333333333332,-12.258333333333333,[858 354 941 886 423 517 988 932]
27,3.075000000000001,-2.791666666666666,[948 605 832 692 167]
28,23.477777777777778,7.261111111111109,[519 223 333 646 523 989 781 178]
29,-10.69,-5.42,[711 612 535 728 327 380 170 285]
30,25.320000000000004,-5.145000000000001,[805 954 154 335 600 803 271 774]
31,14.962500000000002,9.525000000000002,[921  75 164 449 786 284 972 647]
32,8.066666666666666,-9.55,[483 984 860 857 103 637 395 221]
33,20.575,-2.8375000000000004,[844 676 812 643 305 706 125 196]
34,-9.118749999999999,-9.74375,[851 544 278 960 381 458 312 479]
35,-10.331249999999999,8.91875,[917 990 626 269 528 229 856 242]
36,10.458333333333332,4.600000000000001,[]
37,-4.368749999999999,9.100000000000001,[181 478 435 639 283 451 758 396]
38,18.1,0.33750000000000036,[937 349 961 257 804 440 486 416]
39,-2.34,-10.910000000000002,[824 926 518 218 716 213 675 648]
40,-3.516666666666664,0.47499999999999964,[702 321 654 783 342 306 193 119]
41,-0.2699999999999996,-4.690000000000001,[]
42,17.437500000000004,-8.225000000000001,[765 426 955 310 324 798 991 231]
43,7.300000000000001,5.870000000000001,[300 700 548 884 261]
44,-9.149999999999999,4.649999999999999,[341 835 239 568 742 250 978 627]
45,18.493750000000002,12.100000000000001,[976 379 705 939 822 430 500 376]
46,4.100000000000001,-8.05,[796 444 520 254 807 210 881]
47,25.20555555555556,-9.51111111111111,[875 457 664 371 186 252 173 910]
48,-5.870000000000001,-7.960000000000001,[241 868 375 980 422 922 511 693]
49,11.568750000000001,12.51875,[484 584 315 202 687 756 903 543]
50,21.500000000000004,-12.580000000000002,[374 727 737 908 630 298 263 902]
51,-1.2714285714285687,4.535714285714285,[967 695 905 811 161 924 611 447]
52,15.375000000000004,3.875,[]
53,6.535714285714288,11.87857142857143,[673 455 541 563 294 744 106 297]
54,12.258333333333333,-3.8499999999999996,[322]
55,-1.0833333333333321,7.925000000000001,[896 867 951 898 313 970 212 894]
56,24.900000000000002,-1.4749999999999996,[195 730 391 248 129 526 743 999]
57,-11.510000000000002,13.220000000000006,[420 428 719 546 953 205 694 472]
58,21.235000000000003,5.005000000000003,[525 489 232 189 713 628 450 253]
59,6.850000000000001,-4.75,[561 652 235 537 482]
60,-6.293749999999999,2.8374999999999986,[828 334 382 596 614 282 861 912]
61,15.007142857142856,-10.892857142857142,[820 892 685 140 620 110 550]
62,-9.95,-2.2874999999999996,[498 877 726 689 678 599 918 332]
63,-3.558333333333332,-2.375,[624 784 649 995 194 321 359 452]
64,24.900000000000002,10.912500000000001,[919 792 847 264 510 885 641 539]
65,-11.360000000000001,-12.350000000000001,[608 602 853 880 590 307 754 179]
66,13.580000000000002,-7.83,[633 398 301 680 215]
67,-1.529166666666665,-13.483333333333333,[747 604 401 542 348 648 824 716]
68,26.05,1.9250000000000007,[625 681 699 536 679 319 291 502]
69,-10.2,2.1999999999999993,[592 560 509 187 957 660 490 823]
70,3.06666666666667,1.8166666666666664,[722 809 385 309 940 578 869]
71,-6.88333333333333,10.166666666666668,[800 415 749 396 686 985 451 659]
72,15.660000000000004,-3.6099999999999994,[469 390 712 662 814  14 998]
73,-3.1799999999999997,-7.4,[933 591 421 787 466 304 863 871]
74,25.39285714285715,4.607142857142854,[795 407 502 679 464 147 523 291]
75,14.775000000000002,10.3125,[ 31 831 883 449 647 721 786 467]
76,12.700000000000003,-1.370000000000001,[]
77,6.671428571428574,-11.25,[293 556 785 483 331 637 155 152]
78,1.9062500000000018,-10.875,[949 732 589 389 645 445 329 141]
79,12.840000000000003,5.740000000000002,[938 834 657 829 175 377]
80,10.1125,-13.293750000000001,[764 859 674 350 412 453 171 793]
81,-3.4624999999999986,12.575,[950 901 864 740 462 540 872 364]
82,8.413636363636364,-7.454545454545455,[431 799 982 857 860 574 130 826]
83,21.775000000000002,-9.912500000000001,[492 361 558 425 977 862 902 199]
84,18.55,4.649999999999999,[383 249 717 628 253 530 232 487]
85,8.400000000000002,0.7400000000000002,[557 565 325 290 963]
86,18.085714285714285,-3.685714285714287,[852 209 503 662 814 998 427 790]
87,19.330000000000002,-9.950000000000001,[622 973 988 206 432 862 324 492]
88,6.087500000000002,-1.7125000000000004,[931 810 197]
89,19.533333333333335,10.225000000000001,[636 757 606 430 939 228 705 521]
90,2.8800000000000026,-6.080000000000002,[399 384 807 454 651 520 635 444]
91,5.5,3.8874999999999993,[772 244 884 286]
92,-4.199999999999999,-13.383333333333333,[607 911 542 394 745 716 747 213]
93,21.48333333333333,-0.4833333333333343,[668 866 817 997 913 367 165 326]
94,3.4875000000000007,-12.975000000000001,[909 920 141 405   8 460 589 545]
95,1.5187500000000007,7.287500000000001,[830 413 113 363 928 336 495 220]
96,-6.6583333333333306,7.308333333333334,[234 180 788 365 344 283 659 559]
97,-6.937499999999999,-5.8375,[616 136 237 634 317 693 422 751]
98,9.07,8.350000000000001,[601 461 222 224 387 827 468]
99,20.070000000000004,-7.32,[512 471 670 731 850 991 766 816]
100,4.600000000000001,6.116666666666667,[]
101,-6.287499999999999,-0.75,[718 270 638 841 306 424 193 564]
102,-0.46999999999999886,-9.910000000000002,[445 518 665 148 562 732 329]
103,9.308333333333337,-9.816666666666666,[984 575 395 677 860  32 221]
104,-0.9374999999999982,-2.9625000000000004,[801 874 598 359 704]
105,16.09,11.3,[883 411 971 265 721 570 822 500]
106,6.666666666666668,10.088888888888889,[541 280 476 468 839 501  53 563]
107,23.066666666666666,-4.066666666666666,[934 779 759 981 335 803 741 656]
108,11.100000000000001,-5.416666666666666,[456 442 581 738 339 172]
109,2.4300000000000033,12.530000000000001,[925 802 683 567 267 251 571   1]
110,15.660000000000004,-12.230000000000002,[956 820 886 140 459  61 225 550]
111,4.805555555555557,-4.738888888888889,[635 652 384 881]
112,-2.9499999999999993,-4.625,[735 813 704 359 871 273 724 739]
113,0.6600000000000001,8.23,[928 867 363  95 313 710 220  55]
114,22.8,10.36111111111111,[825 641 355 429 274 178 919 264]
115,15.475000000000001,1.0,[776 897 288]
116,15.592857142857145,-1.6500000000000004,[712 644 469 288 814]
117,-10.75,-8.290000000000001,[959 655 580 942 366 845 544 278]
118,5.466666666666669,8.025000000000002,[504 780 839 280 761 775 463]
119,-3.333333333333332,2.4833333333333343,[992 736 255 783 924 279 611 342]
120,12.125000000000004,1.5999999999999996,[709 947 268  13 666]
121,11.000000000000004,6.714285714285715,[]
122,8.4875,3.3500000000000014,[439 572 963 320 475 565 548]
123,0.5300000000000011,4.309999999999999,[811 534 507 734 370 905 336]
124,-8.42857142857143,11.685714285714283,[400 763 686 546 979 205  19 694]
125,19.891666666666662,-1.4166666666666679,[676 486 913 305  33 427 812 416]
126,4.170000000000002,11.09,[873 267 563  18 567 294 929 476]
127,20.73,7.930000000000003,[521 610 533 547 713 189 606 333]
128,19.700000000000003,-5.575000000000001,[729 731 642 503 816 318 275 670]
129,24.33333333333334,-2.6500000000000004,[248 391 741 779 803  56 999 378]
130,6.800000000000001,-7.2,[904 431 210 537 328 235  82 857]
131,25.693750000000005,7.693750000000001,[781 906 524 646 226 519 885 407]
132,13.130000000000003,8.39,[345 491 767 585 449 164 647]
133,16.42,6.380000000000003,[907 899 487   2 618 707 233 249]
134,-6.637499999999999,-9.943750000000001,[922 511 821 403 243 516 868 968]
135,-1.3699999999999992,10.5,[819 970 373 364 330 462 740 313]
136,-7.724999999999999,-6.3875,[751  97 616 185 634 966 422 410]
137,-12.066666666666665,10.433333333333334,[650 953 472 990 269 428 917 242]
138,13.450000000000003,12.083333333333332,[467 408 543 198 484 831 721 315]
139,4.921428571428574,1.75,[869 940 388 244 631 768 385]
140,16.142857142857146,-11.121428571428572,[932  61 110 797 820 886 272 620]
141,2.5583333333333353,-12.475000000000001,[909 589  94 405 545 949 920   8]
142,2.2166666666666703,-1.3583333333333325,[832 480 392 177 555  27 935]
143,-6.149999999999999,-12.066666666666666,[968 745 746 603 243 403 607 404]
144,10.762500000000003,1.9625000000000004,[]
145,24.633333333333336,-12.100000000000001,[791 621 477 252 838 910 371 263]
146,25.225000000000005,13.25,[946 539 847 510 264 777  64 701]
147,23.74,3.7300000000000004,[464 291 914 795 502 368 438 870]
148,-0.485714285714284,-11.228571428571428,[329 648 445 750 102 518 824 732]
149,14.187500000000004,-5.35,[632 390 895 398 339  14 360]
150,-10.799999999999999,-0.46999999999999886,[714 470 726 879 332 184 678 689]
151,8.950000000000003,11.425,[993 501 778 369 297 756 353 996]
152,5.890000000000001,-9.77,[720 637 515 328 796 254 483  77]
153,12.280000000000005,-10.920000000000002,[594 552 357 169 793 685   0]
154,24.3875,-5.762500000000001,[774 954  30 335 615 759 271 600]
155,5.5,-12.375,[785 672 460 331 293  77 682   8]
156,10.96,-0.8900000000000006,[770 358 268 419]
157,15.750000000000004,-9.0,[955 798 620 797 310 426]
158,-11.464285714285714,4.442857142857143,[340 957 629 341 509 551 660  11]
159,-7.814285714285713,1.2785714285714285,[912 640 614 490 841 424 823  22]
160,1.9750000000000014,-8.091666666666665,[323 806 520 454]
161,-1.2249999999999979,3.3166666666666664,[905 924 653 370  51 736 811 255]
162,-5.6166666666666645,12.891666666666662,[540 417 818 923 901 247  19 985]
163,16.55,2.625,[527 760 897 588 776 257 855]
164,14.683333333333334,8.691666666666666,[921  31 972 491 449 284 233 786]
165,22.683333333333334,-1.4333333333333336,[999 997 526 326 866 391 741  93]
166,-8.783333333333333,7.133333333333333,[365 528 742 347 568 856 344 239]
167,2.1625000000000014,-3.9375,[692 583 651 262  27 384 399]
168,17.337500000000002,9.975000000000001,[975 570 971 500 786 636 448 228]
169,10.971428571428575,-10.914285714285715,[514 677 153 594 171 793]
170,-9.25,-5.4833333333333325,[966 711 285 634 728 964  29 410]
171,9.633333333333336,-11.716666666666667,[453 514 677 764 221 169  80 984]
172,9.591666666666669,-4.466666666666667,[482 246 108]
173,23.425,-9.6875,[558 916 945 361 457 371 481  83]
174,3.207142857142859,7.2214285714285715,[495 775 413 617 830  95 597]
175,13.100000000000001,4.18,[900 499 377 834 609 829]
176,1.5000000000000018,2.8699999999999974,[809 309 722]
177,3.4125000000000014,-0.9499999999999993,[935 142 555 605 832 385]
178,22.900000000000002,8.808333333333334,[825 429 533 519 547 114  28 226]
179,-9.674999999999999,-12.783333333333333,[569 853 958 590 658 753  10  65]
180,-5.6583333333333306,6.866666666666667,[788  96 283 684 259 201 234 559]
181,-3.219999999999999,9.130000000000003,[330 435 894 478  37 819 898 364]
182,20.72000000000001,12.850000000000001,[723 849 376 573 698 705  15 430]
183,-11.866666666666665,-9.833333333333334,[845 580 296 366 278 117 960 608]
184,-11.660000000000002,-1.459999999999999,[678 623 726 150 877 470  62 714]
185,-8.44,-7.300000000000001,[751 410 952 789 312 136 966 422]
186,24.500000000000004,-8.228571428571428,[457 664 245  47 916 271 481 774]
187,-11.33,1.4400000000000013,[840 879 660 470  69 592 714 150]
188,-8.260000000000002,9.7,[979 415 686 659 626  71 749 528]
189,20.540000000000003,6.240000000000002,[713 610 577 489 253  58 628 127]
190,20.325,1.2874999999999996,[708   5 416 804 817 936 965 240]
191,3.980000000000004,3.5199999999999996,[]
192,1.0800000000000018,-13.600000000000001,[545 405 348 750 604 141 589 909]
193,-5.499999999999999,0.6500000000000004,[342 841 718 306 382 101 702 596]
194,-4.333333333333332,-3.9250000000000007,[624 833 735 667 619 112  63 649]
195,24.650000000000002,-0.8722222222222236,[ 56 526 743 214 391 730 794 999]
196,21.14285714285715,-4.314285714285715,[981 656 643 706 275 729 844  33]
197,6.32,-0.5400000000000009,[715 768  88 810]
198,14.312500000000004,12.98125,[543 508 138 467 721 411 408 315]
199,20.7625,-8.787500000000001,[766 862 471 425 973 492 850  83]
200,0.26111111111111285,-0.8388888888888886,[]
201,-5.799999999999999,5.337499999999999,[684 559 414 180 861 282 344 259]
202,11.38571428571429,11.471428571428572,[584 903 756 484  49 549 996 993]
203,22.000000000000004,2.7666666666666657,[870 595 450 914 965 368 438   5]
204,-11.95,-3.5500000000000007,[943 623 380 535 877 918 678 612]
205,-9.1375,13.181250000000002,[719 546  19 124 763 923 694 428]
206,20.092857142857145,-10.728571428571428,[977 630  87 492 622 988 423 862]
207,22.3625,-5.6625,[759 615 275 656 506 981 816 773]
208,-2.9166666666666643,7.483333333333331,[758 538 951 478 896 894 898 181]
209,17.84,-4.520000000000001,[ 86 790 998 662 503 587 852 642]
210,5.609999999999999,-7.170000000000001,[881 444 904 130 537 328 796  46]
211,17.35,-2.0250000000000004,[814 427 469 644 440 961 852 116]
212,-1.266666666666664,6.527777777777779,[888 447 896 538 695  55 967 951]
213,-3.671428571428569,-11.378571428571428,[716 394 926 748  39  24 675 824]
214,24.687500000000004,0.2937499999999993,[743 699 195 536 794 625 319 277]
215,12.183333333333334,-7.083333333333333,[815 633 581 339 398 738 531  66]
216,4.483333333333334,-2.833333333333332,[]
217,6.621428571428574,-3.5999999999999996,[]
218,-2.674999999999999,-9.675,[675 863 926 304 518  39 665  24]
219,0.5500000000000007,10.120000000000001,[710 373 928 970 313 251 571 113]
220,2.200000000000001,8.8,[413 710 617 928 393 929 113  95]
221,8.600000000000001,-10.9,[984 556 677 453 103 171 483  32]
222,8.725000000000001,9.64375,[778 601 468 501  98 827 369 996]
223,23.025000000000002,6.225000000000001,[989 333 523  28 489 525 713 464]
224,8.150000000000002,7.370000000000001,[463  98 468]
225,16.37,-13.600000000000001,[956 517 459 886 354 110 941  26]
226,24.8875,8.925,[524 781 519 885 429 131 919 792]
227,-0.9999999999999982,-5.95,[944 497 739 273 598 933]
228,18.680000000000003,9.130000000000003,[836 636 975 521  89 448 168 606]
229,-11.58,8.240000000000002,[269 532 990 856  35 650  11 917]
230,-8.18333333333333,-1.966666666666665,[638 689 599 473 302  62 424 332]
231,17.000000000000004,-6.621428571428571,[765 494 426 318 587 790 360  42]
232,20.130000000000006,4.23,[628 837 530 253  58 450 936  84]
233,14.916666666666664,7.366666666666667,[972 491 618 164 921 284]
234,-6.324999999999999,8.287500000000001,[ 96 788 451 283 749 659 180 365]
235,7.591666666666669,-5.916666666666666,[982 561 482  59 537 246 130  82]
236,14.62857142857143,1.0214285714285722,[]
237,-7.44285714285714,-4.621428571428572,[302 634 964  97   3 136 619 285]
238,-4.22142857142857,-8.9,[669 787 375 675 516  24 863 466]
239,-8.23333333333333,5.133333333333333,[627 742  44 568 344 978 559 835]
240,18.887500000000003,2.0812500000000007,[804 936 530 527   5 937 190 837]
241,-5.887499999999999,-7.300000000000001,[ 48 980 693 422 616 375 868 466]
242,-10.049999999999999,10.48333333333333,[694 917 763 472 626 990 953 546]
243,-7.171428571428568,-11.378571428571428,[968 890 603 143 458 753 821  10]
244,5.525000000000002,2.8000000000000007,[869  91 286 631 139 772]
245,23.51,-7.5,[773 481 774 186 916 615   6 457]
246,9.031250000000004,-5.800000000000001,[982 482 799 235 172 456 561 826]
247,-5.549999999999999,10.9875,[417 396 985 639 800  71 818 451]
248,25.11428571428571,-2.7285714285714278,[129 378 730 803  56 391 779 741]
249,17.462500000000002,4.725000000000001,[487 588  84 717 383 855 907 133]
250,-8.649999999999999,3.3500000000000014,[835 823 978 560  44 509 912 828]
251,2.0500000000000007,10.933333333333334,[802 929 267 571 393 710 109 219]
252,25.250000000000004,-11.110000000000001,[910 791 145 371 875  47 477 945]
253,19.587500000000002,5.462500000000002,[628 577 383 189  84 232 610  58]
254,4.325000000000003,-9.350000000000001,[796 515 697 720  46 930 152 682]
255,-2.2142857142857117,2.0285714285714285,[783 736 653 119 924 161 876 992]
256,-0.7124999999999986,-7.9125000000000005,[562 944 665 591 304]
257,17.288888888888895,1.3555555555555543,[937 897 527  38 163 240 961 115]
258,0.8625000000000007,-5.200000000000001,[]
259,-4.369999999999999,6.435000000000002,[684 758 180   7 788 283 414 208]
260,-1.1499999999999986,12.425,[872 462 782 373 864   1 740 135]
261,5.808333333333337,6.266666666666666,[700 884  43]
262,1.4125000000000014,-2.9250000000000007,[392 167 832 583  27 692]
263,22.850000000000005,-11.825000000000001,[477 908 902 945  50 374 558 316]
264,23.975000000000005,11.5,[847 641 777  64 919 539 114 355]
265,16.794444444444448,12.350000000000001,[822 379 411 105 500 508 971  45]
266,-0.6624999999999979,-1.7375000000000007,[]
267,3.2583333333333364,11.241666666666667,[567 126 929 251 802  18 109 393]
268,11.525000000000002,0.25,[770 709 419 156 947 120]
269,-11.535714285714285,9.057142857142857,[990 650 229  35 137 472 917 532]
270,-5.987499999999999,-1.625,[564 101 718 638 473 649 306 667]
271,25.491666666666664,-6.933333333333334,[600 954 664 774 154 186  30 245]
272,17.400000000000002,-10.65,[932 432 310 797 140 858 988 622]
273,-2.2624999999999993,-5.825,[871 497 813 933 739 227 112 724]
274,21.441666666666666,10.583333333333332,[355 547 698 114 606 757 825 723]
275,21.408333333333335,-5.491666666666665,[656 816 207 506 981 196 729 512]
276,1.0833333333333357,-0.15000000000000036,[]
277,23.05,0.3000000000000007,[794 866 367  21 526 668 214  93]
278,-10.075,-9.68125,[960 580  34 544 959 296 381 754]
279,-4.13125,3.9875000000000007,[992 414 861   7 611 334 119 596]
280,6.120000000000001,9.240000000000002,[839 476 106 780 118 761 504 468]
281,11.075000000000003,5.608333333333331,[657 579 703 834 769 377]
282,-6.7642857142857125,4.064285714285713,[828 627 978 559  60 861 201 334]
283,-5.166666666666664,7.883333333333333,[788 180 234  37 758  96 259 451]
284,15.983333333333334,8.650000000000002,[921 972 618 786 164 448  31 570]
285,-9.391666666666666,-4.466666666666667,[711 964 170 535 918 634 498  29]
286,6.664285714285715,2.857142857142854,[631 244 963  91  12]
287,12.220000000000002,10.040000000000003,[903 767 585 549 647   9 408 202]
288,16.043750000000003,-0.40625,[644 116 115 961 897]
289,-0.7499999999999982,0.31666666666666643,[876 654 783]
290,9.685714285714287,-0.19285714285714128,[808 325 557  85]
291,24.414285714285715,2.9857142857142875,[502 681 147 438 914 536 679 795]
292,13.583333333333332,-2.5500000000000007,[]
293,6.969999999999999,-12.21,[ 77 556 346 672 155 785 350 453]
294,5.191666666666666,12.241666666666664,[563 744  53 873 126 455 567 267]
295,11.600000000000001,-9.2,[]
296,-10.96,-10.630000000000003,[754 960 608 183 278 580 381  65]
297,8.225000000000001,12.7625,[673 353 151 455  53 501 687 993]
298,20.316666666666666,-13.516666666666666,[727 485  50 737 630 374 423 941]
299,9.307142857142857,6.592857142857145,[703 579 406]
300,7.225000000000001,4.875,[548 884  43 772 700 261]
301,12.900000000000002,-8.940000000000001,[633  66 594 552 531]
302,-7.571428571428571,-3.614285714285714,[237   3 964 473 599 230 634 564]
303,13.966666666666665,-9.358333333333334,[]
304,-2.5249999999999986,-8.5,[863 591 218 665  73 787 675 933]
305,19.564285714285713,-2.6500000000000004,[844 676  33 852 125 643 427  86]
306,-4.874999999999999,-0.38333333333333464,[718 702 193 101 321 784  40 270]
307,-12.125,-13.775,[880 602  65 590 853 608 958 179]
308,7.575000000000003,-3.2125000000000004,[]
309,1.783333333333335,1.7666666666666657,[809 578 176  70 722]
310,17.010000000000005,-9.670000000000002,[797 955 432 272 932 620 157  42]
311,10.450000000000003,-1.4000000000000004,[]
312,-8.69,-8.34,[789 544 851 952 479 185 959 751]
313,-0.5199999999999996,8.830000000000002,[970 867  55 898 113 928 219 896]
314,14.083333333333332,-13.4,[550 582 459   0 110 820 357 956]
315,12.208333333333332,13.166666666666664,[ 49 484 543 138 584 202 687 408]
316,23.075,-13.475000000000001,[737 908 621 477 263  50 727 838]
317,-5.539999999999999,-5.730000000000002,[693 833  97 980 616 619 241 724]
318,18.275000000000002,-6.25,[642 790 670 765 231 128 587 731]
319,26.066666666666666,0.13333333333333464,[743 625 699 214 195  68 730  56]
320,9.850000000000001,3.0375000000000014,[475 439 572 122]
321,-3.364285714285712,-0.5857142857142854,[702 995  40 784 654 452 306  63]
322,10.9875,-3.5625,[372 661  54 882]
323,1.0700000000000003,-8.05,[806 160 454]
324,18.887500000000003,-8.675,[991 973 471  87 432 670  42 622]
325,8.490000000000002,-0.34999999999999964,[ 85 290 557 808   4]
326,21.95,-2.040000000000001,[997 812 165 999 706 741  33 676]
327,-11.0,-6.5625,[927 655 942 728  29 612 117 410]
328,6.392857142857142,-8.485714285714284,[904 431 637 857 130 152 210 796]
329,0.27500000000000213,-11.4,[750 148 445 732 648 348 102  78]
330,-2.4166666666666643,9.241666666666667,[894 819 181 898 435 364 951 478]
331,5.090000000000003,-11.270000000000001,[682 785 515 155 720 930   8  77]
332,-9.510000000000002,-0.6199999999999992,[ 22 689 714 726 150  62 640 424]
333,22.29375,6.824999999999999,[223 489 713  28 533 989 525 189]
334,-5.333333333333332,3.0666666666666664,[596 861  60 279 382 992 828 282]
335,24.241666666666664,-4.541666666666666,[803 779 154  30 107 759 805 934]
336,0.81666666666667,5.883333333333333,[534 830 507  23 888 363 447  95]
337,12.562500000000004,3.0249999999999986,[]
338,2.1800000000000033,3.289999999999999,[]
339,12.540000000000003,-5.990000000000001,[581 215 398 632 442 108 738 149]
340,-11.899999999999999,3.4125000000000014,[660 957 158 840 509 187  69 341]
341,-10.11111111111111,4.550000000000001,[ 44 509 629 835 568 158 957 250]
342,-4.877777777777775,1.3222222222222229,[193 596 382  40 702 306 841 334]
343,14.675,-1.3166666666666664,[]
344,-7.358333333333331,6.133333333333333,[559 742 239  96 627 365 166 201]
345,12.325000000000003,8.150000000000002,[132 585 465 767 491   9]
346,7.216666666666669,-13.4,[672 293 350 155 556 859 460  77]
347,-10.092857142857143,6.485714285714284,[856 568  11 629 166 742 551 341]
348,-0.1374999999999993,-12.8125,[604 750 648 401 192 329  67 148]
349,18.700000000000003,0.08750000000000036,[ 38 486 937 804 416 961 440 913]
350,8.500000000000004,-13.216666666666667,[859 764 453 346  80 293 171 556]
351,5.164285714285715,-1.7142857142857135,[]
352,14.05,6.716666666666665,[]
353,9.416666666666668,13.100000000000001,[687 297 584 151 993 673  49 756]
354,17.2875,-12.412500000000001,[886  26 517 956 858 932 941 225]
355,22.27857142857142,11.285714285714285,[698 641 114 274  15 777 723 264]
356,14.8,5.199999999999999,[]
357,12.943750000000001,-11.775,[  0 153 550 685 552 793 582 412]
358,11.812500000000004,-1.5875000000000004,[554 156 419 770 661]
359,-2.3999999999999986,-3.8357142857142854,[704 801 112 598 739 735 624 813]
360,15.450000000000003,-7.033333333333333,[680 426 895 494 798 231]
361,22.540000000000003,-9.330000000000002,[916 558 173 425  83 481 945 457]
362,15.09,2.740000000000002,[163]
363,0.24166666666666892,7.141666666666666,[867 888 113  95 336 830 447  55]
364,-2.7624999999999993,10.55,[819 435 740 330 135 181 639 950]
365,-7.8062499999999995,7.756250000000001,[166  96 659 528 234 344 188 742]
366,-11.899999999999999,-8.380000000000003,[845 655 117 580 183 927 959 942]
367,22.11428571428571,0.9071428571428584,[668 277  21 595 708 866 817  93]
368,22.460000000000004,3.8099999999999987,[870 203 914 525 147 450 464  58]
369,9.925,10.7,[996 993 756 778 549 151 827 222]
370,-0.36249999999999893,3.3500000000000014,[905 161 811 123 653  51]
371,24.283333333333335,-10.425,[945 173 252 457  47 558 477 145]
372,9.900000000000002,-3.1400000000000006,[882 661 322 433   4]
373,-0.1642857142857128,11.178571428571427,[782 219 571 135 260   1 970 462]
374,21.2375,-11.875,[630  50 977 902 727 908 263 206]
375,-5.0142857142857125,-8.2,[ 48 669 238 466 980 787 241 516]
376,19.650000000000002,12.787500000000001,[849 705 976 182  45 430 723 379]
377,12.14166666666667,4.25,[834 769 175  79 499]
378,25.783333333333335,-3.2750000000000004,[248 805 803 730 129  30 335 779]
379,17.837500000000002,12.650000000000002,[976 822  45 265 500 939 705 376]
380,-11.862499999999999,-4.612500000000001,[943 612 204 535  29 918 711 623]
381,-9.274999999999999,-10.833333333333334,[960 754  34 458 569 278 753 890]
382,-6.224999999999999,1.8249999999999993,[614  60 596 841 193 828 342 912]
383,18.592857142857145,5.392857142857142,[ 84 253 577 628 249 707 487 717]
384,3.44166666666667,-5.300000000000001,[635  90 807 111 692 399 651]
385,3.5166666666666693,0.716666666666665,[935 940  70 555 177 139 578]
386,13.616666666666664,-3.9333333333333336,[]
387,10.475000000000001,8.725000000000001,[  9 827 465 461 601  98 585 549]
388,5.592857142857142,1.1571428571428584,[768 139 631 940  12 869 244 715]
389,2.3666666666666707,-9.75,[645 697  78 949 732 930]
390,15.118750000000002,-4.800000000000001,[895 149  14  72 494 632 998]
391,23.8,-2.008333333333333,[999 741 129 526  56 165 195 779]
392,1.233333333333336,-2.0500000000000007,[262 832 142 480]
393,2.9300000000000033,9.7,[929  18 617 220 710 251 267 761]
394,-4.387499999999999,-12.025,[213 607 716 748 746  92 745 143]
395,9.3,-8.850000000000001,[860 574 575 103  32 984  82 857]
396,-5.88333333333333,10.133333333333333,[451 247  71 800 749 985 639 415]
397,0.120000000000001,-6.050000000000001,[]
398,13.350000000000001,-6.844444444444445,[ 66 339 215 633 581 149 632]
399,1.983333333333336,-5.800000000000001,[454  90 651 384 583 806]
400,-7.416666666666665,11.566666666666666,[985 818 124 686 800 923  71  19]
401,-1.4583333333333321,-12.55,[648  67 824 747 604 348 542 148]
402,12.7375,7.0625,[]
403,-5.806249999999999,-10.5625,[746 134 516 968 748 922  24 143]
404,-6.374999999999999,-13.75,[745 911 603 143 607  10  92 968]
405,2.200000000000001,-13.491666666666667,[545 141 192 909  94 920 589 750]
406,9.430000000000003,5.0,[703 572 548 299 579]
407,25.600000000000005,5.516666666666666,[ 74 906 795 646 523 679 502 464]
408,13.100000000000001,11.264285714285716,[831 138 467 484 903 647 287 202]
409,-0.049999999999998934,1.333333333333334,[]
410,-9.1625,-6.9375,[966 185 789 728 942 751 170 312]
411,15.725000000000001,12.05,[105 508 883 721 265 198 467 822]
412,11.700000000000003,-12.975000000000001,[793 674   0 582  80 357 514 153]
413,2.4166666666666696,7.966666666666665,[220 174 617  95 928 830 495 775]
414,-4.691666666666665,4.766666666666666,[279 684 861   7 201 259 334 992]
415,-7.3599999999999985,9.860000000000003,[ 71 749 686 659 188 800 979 396]
416,19.757142857142856,0.3785714285714281,[804 913 190 349 817 486 708  38]
417,-5.843749999999999,11.806250000000002,[247 818 985 162 540 800 923 400]
418,5.0625,5.162500000000001,[]
419,12.383333333333333,-0.591666666666665,[770 358 268 709 156]
420,-11.89,12.570000000000004,[ 57 428 719 953 137 546 472 694]
421,-3.8499999999999996,-6.550000000000001,[724 466  73 871 933 980 813 735]
422,-6.9399999999999995,-7.38,[616 751 241 868 952  48 136 185]
423,19.387500000000003,-11.8125,[988 858 630 485 206  26 622 374]
424,-7.683333333333331,-0.23333333333333428,[640 638  22 841 101 159 230 332]
425,21.73125,-8.818750000000001,[766 361 199  83   6 481 862 492]
426,16.383333333333333,-7.550000000000001,[798 360 231  42 765 680 955 494]
427,18.35,-2.125,[440 211 852 305 814  86 486 125]
428,-11.1625,12.1125,[420  57 719 953 546 694 472 137]
429,23.564285714285713,9.37857142857143,[178 825 114 519 919 226 781 641]
430,19.400000000000002,11.350000000000001,[705 757 939 849  89  45 636 376]
431,7.357142857142861,-7.771428571428571,[130 904 857  82 328 860 982 210]
432,18.02,-9.840000000000002,[272 310 622  87 988 324 932 797]
433,8.67777777777778,-3.8388888888888886,[372 882]
434,8.000000000000004,-2.1416666666666657,[]
435,-3.4687499999999982,9.925,[181 364 639  37 819 330 894 478]
436,0.016666666666669272,-2.4250000000000007,[]
437,5.475000000000001,-0.5374999999999996,[]
438,23.6375,2.2749999999999986,[914  21 291 870 536 147 681 203]
439,8.850000000000001,2.633333333333333,[963 122 475 320 565 572]
440,18.1,-1.2083333333333321,[961 427 211 486 644 349  38 125]
441,4.208333333333336,-4.0,[]
442,11.964285714285715,-4.764285714285714,[108 339 581 632]
443,3.6000000000000014,4.350000000000001,[725 496 597 593]
444,4.575000000000003,-6.9750000000000005,[881 807 210  46 796 520 537  90]
445,0.28571428571428825,-10.357142857142858,[732 102 329 148 645  78 750]
446,10.533333333333335,3.583333333333332,[]
447,-0.6124999999999989,5.875,[888 967 212 534 695 811 336  51]
448,17.292857142857148,8.435714285714283,[  2 975 836 284 618 168 228 570]
449,14.04,9.410000000000004,[647  31 164  75 767 831 491 132]
450,21.185714285714294,3.307142857142857,[965 203 837   5 368 595 232 936]
451,-5.891666666666665,9.375,[396 749 234  71 415  37 800 247]
452,-1.9833333333333307,-1.2166666666666668,[874 995 654 321 784  63]
453,9.05,-12.057142857142857,[171 764 221 350 556 677 514 859]
454,1.8000000000000007,-6.6625000000000005,[399 806  90 160 520 323]
455,6.6875,12.925,[673  53 744 297 294 563 541 501]
456,10.485714285714288,-6.071428571428571,[738 108 826 799 246 581]
457,24.225000000000005,-9.133333333333333,[186 173  47 916 371 664 481 361]
458,-8.216666666666665,-10.450000000000001,[821 890 381  34 851 243 479 753]
459,15.483333333333334,-13.55,[225 956 110 314 517 886 550 820]
460,5.090000000000003,-13.340000000000002,[155 672 920 785  94 909 331 346]
461,10.14444444444445,7.805555555555554,[387 465  98 601]
462,-2.1249999999999982,12.175,[864 740 872 260  81 950 364 135]
463,7.066666666666666,7.900000000000002,[780 224 468 118 280]
464,23.662500000000005,4.587499999999999,[147 795 989 523 368 525 502  74]
465,11.158333333333335,8.075,[387 461 345   9 585 827]
466,-4.437499999999999,-7.3125,[980 421 375 787  73 241 693  48]
467,14.033333333333335,11.566666666666666,[721 138 831 408 198  75 883 647]
468,7.662500000000001,9.2375,[222 106 463 280 501  98 541 778]
469,16.466666666666665,-2.5999999999999996,[814 211 116  72 712 644 662 427]
470,-11.575,0.1374999999999993,[879 150 187 714 184 840 726 678]
471,19.98,-8.32,[973 199  99 991 766 324 862 670]
472,-11.033333333333331,10.508333333333333,[953 990 242 137 694 917 650 269]
473,-6.791666666666664,-2.6750000000000007,[  3 564 302 270 638 667 230 101]
474,0.26666666666666927,-3.458333333333332,[]
475,9.630000000000003,2.16,[320 439 557 963]
476,5.5,9.837500000000002,[839 280 761 106 873 563 504  18]
477,23.564285714285713,-11.92142857142857,[263 145 908 621 945 902 316 371]
478,-3.5333333333333314,8.258333333333333,[758 181 208 894  37 330 951 435]
479,-7.924999999999999,-8.8375,[851 952 312 511 821 868 544  34]
480,1.6500000000000021,-0.742857142857142,[142 555 392 832 578]
481,22.8625,-8.275,[916 773 245 361   6 425 173 457]
482,8.466666666666669,-5.016666666666666,[561 246 982 172 235  59]
483,7.541666666666668,-9.966666666666667,[ 32 637 984 857 221 556  77 860]
484,12.187500000000004,12.16875,[ 49 315 202 138 408 584 543 903]
485,19.716666666666665,-12.933333333333334,[298 423 727 630 941  26  50 374]
486,19.27,-0.7400000000000002,[125 349 913 416 440  38 427 961]
487,17.1,5.507142857142856,[907 249 133 383 707 855 588  84]
488,4.609999999999999,-0.3000000000000007,[]
489,21.750000000000004,6.050000000000001,[713 333 525  58 189 223 989  28]
490,-8.774999999999999,1.4749999999999996,[159 640 912 823 592  22 560  69]
491,13.966666666666665,8.05,[132 164 233 449 972 345]
492,20.933333333333334,-9.950000000000001,[862 977  83 206 199 425 973  87]
493,10.383333333333336,1.0500000000000007,[]
494,16.220000000000002,-5.980000000000001,[ 14 231 895 587 360 998 426 390]
495,2.908333333333335,6.458333333333332,[174 597 830  23 593 413  95 775]
496,2.4375000000000018,4.8125,[725  23 597 507 734 443 495]
497,-1.8499999999999979,-6.383333333333333,[273 933 227 944 871 739 591 813]
498,-9.85,-3.0,[ 62 918 599 877 535 285 678 689]
499,13.650000000000002,3.43333333333333,[900 666 175 609  13]
500,17.700000000000003,11.225000000000001,[971 822 939  45 168 379 265 105]
501,8.240000000000002,10.760000000000002,[778 151 222 541 468 369 106 993]
502,25.01,3.6000000000000014,[679 291 795  74 681 147 464 438]
503,18.810000000000006,-4.540000000000001,[209  86 642 790 128 852 729 643]
504,4.850000000000001,8.366666666666667,[118 761 839 775 780 280 476]
505,10.508333333333333,-4.4,[172 108 442 456]
506,21.55,-6.65,[512 816 850   6 275 207 773 731]
507,1.56666666666667,4.899999999999999,[ 23 496 734 123 336 534 725 597]
508,15.370000000000001,12.880000000000003,[411 198 721 265 105 883 467 543]
509,-10.25,3.5,[957 341 835 560  69 158 660  44]
510,25.875000000000004,11.675,[792 847  64 539 146 264 919 946]
511,-6.8599999999999985,-9.09,[868 922 134 479 821  48 952 851]
512,20.866666666666664,-6.916666666666666,[850 506 816  99 731   6 766 275]
513,14.230000000000004,-2.8200000000000003,[]
514,10.450000000000003,-11.4875,[169 171 677 793 764 453  80]
515,4.612500000000001,-10.287500000000001,[720 682 930 254 331 697   8 152]
516,-5.099999999999999,-9.725000000000001,[669  24 403 922 748 238 375 134]
517,17.1625,-13.412500000000001,[225 354 956 941 886  26 459 110]
518,-1.5785714285714256,-10.207142857142857,[ 39 102 665 218 148 824 926 648]
519,23.935714285714287,8.178571428571427,[781  28 226 178 429 646 131 524]
520,2.950000000000001,-7.690000000000001,[160  46 807 454  90 806 444]
521,19.616666666666664,8.433333333333334,[836 228 127 610 606  89 636 547]
522,0.7166666666666703,-8.941666666666666,[]
523,23.95,5.833333333333332,[989 223 464 646 795  28 407 525]
524,25.69,8.719999999999999,[226 885 131 781 519 792 906 646]
525,22.290000000000003,5.02,[ 58 489 368 989 223 464 713 333]
526,23.533333333333335,-1.0999999999999996,[999 165 391 794 195  56 866 277]
527,17.450000000000003,2.21875,[257 163 897 240 937 717 588  38]
528,-9.08,8.370000000000001,[626 166  35 365 188 659 856 917]
529,0.7100000000000009,2.4800000000000004,[]
530,19.09,3.4299999999999997,[837 717 936 232  84 240 628   5]
531,11.375000000000004,-8.375,[815 633 215 301]
532,-11.885714285714286,7.421428571428574,[229  11 551 856 269 347 629  35]
533,22.037500000000005,8.193750000000001,[178 547 127 825 333  28 519 713]
534,0.23571428571428754,5.228571428571428,[336 811 123 447 967 507 888  51]
535,-10.633333333333331,-4.25,[918 943 711  29 285 380 498 204]
536,24.475000000000005,1.4499999999999993,[699 438 214 681  21 625 291  68]
537,6.200000000000003,-6.112500000000001,[652 210 130 881 235  59 904 444]
538,-2.4800000000000004,6.669999999999998,[208 896 212 951 758 695  55   7]
539,24.566666666666666,12.633333333333333,[946 847 146 264 777 510  64 701]
540,-4.958333333333332,12.775000000000002,[162 901 417 950  81 818 247 923]
541,7.0000000000000036,10.785714285714285,[106  53 501 673 468 476 280 563]
542,-2.8749999999999982,-13.175,[747 716  92  67 401 824 394 213]
543,13.3,13.070000000000004,[138 198 315 484 467 408  49 508]
544,-9.399999999999999,-8.850000000000001,[959 312  34 851 789 278 117 479]
545,1.5600000000000005,-12.920000000000002,[192 405 589 141 750 909 348  94]
546,-9.799999999999999,11.975000000000001,[694 763 719 428 205 124 242 472]
547,21.55,9.266666666666666,[825 533 274 606 178 127 114 429]
548,8.110000000000003,5.169999999999998,[300  43 406 572 884 122]
549,10.950000000000003,10.210000000000004,[996   9 756 903 827 369 287 202]
550,14.058333333333334,-12.225000000000001,[820 314 357 685   0 110  61 582]
551,-11.864285714285714,6.014285714285716,[ 11 629 532 158 347 856 229 341]
552,13.125000000000004,-10.450000000000001,[594 685 153 357 892 301  61]
553,5.0625,-3.0,[]
554,12.3,-2.5,[358 661]
555,2.462500000000002,0.0625,[935 578 480 385 177 142 309]
556,7.890909090909094,-11.422727272727274,[221 293  77 453 984 483 171  32]
557,9.095454545454547,0.9000000000000004,[ 85 565 290 475 325 439]
558,22.73333333333333,-10.200000000000001,[945 173 361 902  83 916 371 263]
559,-6.58333333333333,5.333333333333332,[201 344 282 627 684 239 180 742]
560,-9.33333333333333,2.7333333333333343,[823 250 835  69 509 592 490 978]
561,7.690000000000001,-4.830000000000002,[482  59 235 982]
562,-0.5199999999999996,-8.46,[256 665 102 944 591]
563,5.32,11.410000000000004,[873 294 126  53 476 744 541 106]
564,-5.921428571428568,-2.5,[270 473 667   3 649 638 101 619]
565,8.116666666666667,1.6166666666666654,[963  85 557 439  12 475 122]
566,14.812500000000004,0.1875,[]
567,3.4650000000000016,12.094999999999999,[267 109 683 126 802 925 294 873]
568,-9.399999999999999,5.699999999999999,[742 347  44 239 341 629 166 627]
569,-9.266666666666666,-12.233333333333334,[179 753 853  10 658 958 381 754]
570,16.580000000000002,10.02,[168 786 971 975 105 284 883 921]
571,0.9625000000000021,11.787500000000001,[  1 802 782 373 251 109 925 219]
572,9.150000000000002,3.866666666666667,[122 320 406 439 548]
573,21.900000000000002,13.139999999999997,[701 723  15 182 698 777 355 849]
574,9.662500000000001,-8.1125,[395 826 860 575  82 799]
575,10.058333333333337,-9.333333333333332,[103 395 574 860 677]
576,7.330000000000002,6.890000000000001,[]
577,19.433333333333334,6.091666666666665,[253 610 383 189 628 707  84 713]
578,1.7500000000000018,0.8083333333333336,[309 555 480  70 809]
579,10.466666666666669,6.333333333333332,[703 281 299 657 406]
580,-10.860000000000001,-9.280000000000001,[278 117 845 183 959 296 366 960]
581,11.980000000000004,-6.120000000000001,[339 215 108 738 442 815 456 398]
582,12.8625,-13.4,[  0 314 412 674 357 793 550 153]
583,1.3333333333333357,-4.244444444444445,[651 167 262 692 399]
584,10.780000000000005,12.09,[202  49 687 756 993 484 369 353]
585,11.941666666666666,9.008333333333333,[  9 345 767 287 465 132 387 549]
586,14.266666666666666,1.9333333333333336,[]
587,16.9875,-5.2125,[998  14 790 494 209 662 231 318]
588,16.841666666666665,3.8500000000000014,[855 249 717 163 760 487 527]
589,1.9875000000000007,-11.918750000000001,[141 949  78 545 909 750 405 732]
590,-10.4125,-13.55,[958 853 179 880  65 307 569 658]
591,-2.349999999999998,-7.73,[304  73 933 863 497 787 665 256]
592,-9.935714285714285,1.6857142857142868,[ 69 490 560 187 879 823 714  22]
593,4.116666666666667,5.616666666666667,[597 443 495]
594,12.3,-10.131250000000001,[153 552 301 169 357 685]
595,21.787500000000005,2.0749999999999993,[203 870 965 367 708 450   5 914]
596,-5.31,2.4800000000000004,[334  60 382 342 861 992 828 193]
597,2.957142857142859,5.5,[496  23 495 593 725 443 507 830]
598,-1.2333333333333307,-4.2333333333333325,[801 704 739 359 104 227]
599,-8.883333333333331,-2.9333333333333336,[498 230  62 964 689 302 918 285]
600,26.016666666666662,-6.2,[954 271  30 154 805 774 664 335]
601,9.55,9.083333333333332,[827  98 387 222 461 778 996   9]
602,-12.0,-12.6875,[880  65 307 608 853 590 296 179]
603,-7.239999999999999,-12.340000000000002,[ 10 243 968 143 753 890 745 404]
604,-0.6142857142857121,-13.285714285714286,[348  67 401 648 750 747 192 824]
605,3.7666666666666693,-2.3166666666666664,[948  27 177 832]
606,20.290000000000003,9.719999999999999,[ 89 757 547 274 521 636 228 127]
607,-4.849999999999999,-12.9375,[ 92 911 745 394 143 404 746 716]
608,-11.14,-11.740000000000002,[ 65 754 853 296 602 880 179 960]
609,14.120000000000001,4.509999999999998,[829 175 499 900]
610,19.84,7.02,[577 189 127 521 713 253 707 836]
611,-2.674999999999999,4.237500000000001,[924   7  51 695 279 992 736 161]
612,-11.649999999999999,-5.516666666666666,[380  29 927 327 943 535 711 728]
613,13.192857142857143,-0.39285714285714235,[842 709 770]
614,-7.049999999999999,1.7874999999999996,[912 382 159 828  60 841 640 490]
615,23.183333333333334,-6.033333333333333,[207 759 774 154 773 245 506 335]
616,-6.678571428571427,-6.6000000000000005,[ 97 422 693 241 136 751 317  48]
617,3.210000000000001,8.73,[393 220 413 775  18 174 761 504]
618,16.012500000000003,7.837500000000002,[972 284 233 921 899 448   2 133]
619,-5.562499999999999,-4.262500000000001,[667 833   3 194 317 564 237 473]
620,15.650000000000002,-9.7375,[797 157 955 892  61 310 798]
621,24.235714285714284,-12.950000000000001,[145 838 477 316 791 908  20 263]
622,18.950000000000003,-10.283333333333333,[ 87 988 432 206 973 858 423 272]
623,-11.899999999999999,-2.620000000000001,[204 877 184 678 943 918 726  62]
624,-3.862499999999999,-3.125,[ 63 194 649 784 667 359 735 112]
625,25.900000000000002,0.9300000000000015,[699 319  68 743 214 536 681 195]
626,-9.375,9.55,[917 188  35 242 979 528 763 990]
627,-7.724999999999999,4.737500000000001,[239 978 282 559 742  44 344 250]
628,19.733333333333334,4.866666666666667,[253 232  84 383 577  58 837 530]
629,-10.841666666666665,5.550000000000001,[551 347  11 341 158 568 856  44]
630,20.516666666666662,-11.716666666666667,[374 206 423 977  50 485 727 298]
631,6.25714285714286,1.8785714285714281,[ 12 388 286 244 768 139 869]
632,13.420000000000002,-5.130000000000001,[149 339 442 398 390]
633,12.637500000000003,-7.925000000000001,[ 66 215 301 815 398 531]
634,-8.23,-5.340000000000002,[170 237 966 964 136  97 285 711]
635,4.318750000000001,-5.06875,[111 384 881 652 807  90]
636,18.87,10.07,[ 89 228 939 975 430 606 757 168]
637,6.800000000000001,-9.65,[483 152 328  32 857 720  77 904]
638,-7.235714285714285,-1.4000000000000004,[230 101 424 270 473 564 718 689]
639,-4.449999999999999,10.55,[435 247  37 396 950 364 451 417]
640,-8.21,0.6500000000000004,[159  22 490 424 912 614 841 332]
641,23.22000000000001,11.210000000000004,[264 777 355 114 919 698  15 847]
642,18.921428571428574,-5.700000000000001,[128 318 790 503 731 729 670 209]
643,20.2375,-3.7750000000000004,[844  33 196 305 729 706 503 676]
644,16.69,-1.1400000000000006,[288 211 961 116 440 469 814 712]
645,1.700000000000001,-9.566666666666666,[389 732  78 445]
646,24.8,6.800000000000001,[906 131 523 781  28 407 519 989]
647,13.600000000000001,10.010000000000002,[449 831 767  75 408 287  31 467]
648,-1.0055555555555546,-11.866666666666667,[401 148 824 348 329 750 604  39]
649,-4.591666666666665,-2.0500000000000007,[784  63 624 564 270 667 306 995]
650,-11.878571428571426,9.714285714285715,[269 137 990 472 953 229 917  35]
651,1.957142857142859,-4.842857142857142,[583 167 399 692  90 384 454]
652,5.82,-5.209999999999999,[537 111  59 881 635 217 235]
653,-1.3749999999999982,2.5,[161 255 924 736 370 905 783 876]
654,-2.1874999999999982,-0.01249999999999929,[452 321 783  40 289 876 995]
655,-11.266666666666666,-7.483333333333333,[117 327 942 927 366 959 845 728]
656,21.680000000000003,-4.91,[981 275 196 207 759 816 729 107]
657,11.771428571428576,5.942857142857143,[281  79 834 579 938]
658,-8.616666666666665,-13.433333333333332,[958  10 179 753 569 603 590 853]
659,-7.574999999999999,8.975000000000001,[415 749 188 365  71 234 979 686]
660,-11.6375,2.7250000000000014,[340 840 957 187  69 509 158 592]
661,10.666666666666668,-2.3666666666666654,[372 322 882 358 554]
662,16.9875,-4.074999999999999,[998 209 587  86 814  14  72 469]
663,11.807142857142857,2.6428571428571423,[]
664,25.560000000000006,-8.310000000000002,[186  47 271 875 457 600 245 954]
665,-1.383333333333331,-9.016666666666666,[562 518 304 102 256 863 218 591]
666,13.558333333333334,2.5833333333333357,[ 13 499 900 175]
667,-5.449999999999999,-3.3499999999999996,[619 564   3 194 473 649 624 833]
668,21.51875,0.04374999999999929,[ 93 817 866 367 913 708 997 277]
669,-4.874999999999999,-9.125,[516 238 375  24 922 787 675  48]
670,19.05,-7.175000000000001,[991  99 318 731 765 471 642 324]
671,0.8500000000000014,1.4499999999999993,[]
672,6.162500000000001,-13.175,[155 346 460 293 785  77 331 350]
673,7.425000000000001,12.35833333333333,[297 455  53 541 151 501 744 353]
674,11.537500000000001,-13.625,[412 793 582   0  80 764 859 357]
675,-3.516666666666664,-9.833333333333334,[926 218  24 238 863 748 669 213]
676,20.337500000000002,-2.1500000000000004,[ 33 125 305 812 844 326 643 706]
677,9.740000000000002,-10.780000000000001,[171 514 103 221 984 169 453 575]
678,-10.9375,-1.8499999999999996,[726 877 184  62 623 150 498 689]
679,25.837500000000002,3.5749999999999993,[502  74 681 795 291  68 407 147]
680,15.016666666666666,-7.383333333333333,[360 426  66 895 398]
681,25.2,2.4642857142857153,[291  68 502 536 679 699 438 625]
682,4.512500000000003,-11.025,[331 930 515   8 785 720 697 155]
683,3.1000000000000014,13.23333333333333,[109 925 567 802 267 294 126   1]
684,-5.224999999999999,5.650000000000002,[201 414 259 180 559   7 861 788]
685,13.925,-10.9625,[552 892  61 820 550 357 153]
686,-7.849999999999999,10.566666666666666,[979 415 188  71 800 400 124 985]
687,10.250000000000004,12.875,[353 584  49 993 756 202 151 315]
688,2.5000000000000018,-8.95,[]
689,-9.260000000000002,-1.5199999999999996,[332  62 726 230 599 498  22 678]
690,5.52,-4.1,[]
691,8.387500000000003,6.762499999999999,[548]
692,2.858333333333336,-3.875,[167  27 651 948 384 583 262]
693,-5.674999999999999,-6.458333333333333,[317 980 241 616  97 466  48 422]
694,-10.133333333333331,11.133333333333333,[242 763 546 472 953 917 428 626]
695,-1.5666666666666647,5.199999999999999,[967  51 447 212 811 611 905 538]
696,4.719999999999999,7.0,[]
697,3.3833333333333364,-9.833333333333334,[389 930 254 515 949   8 682]
698,21.900000000000002,11.85833333333333,[355 723  15 573 274 777 701 641]
699,25.125000000000004,1.0124999999999993,[625 536 214 743 319  68 681 195]
700,6.433333333333337,6.449999999999999,[261  43 884 300]
701,22.725000000000005,13.075,[ 15 573 777 723 698 355 539 641]
702,-4.012499999999999,-0.11250000000000071,[ 40 321 306 784 193 342 718 654]
703,10.05,5.669999999999998,[579 406 281 299 657]
704,-2.119999999999999,-4.32,[359 112 598 801 739 813 273 735]
705,19.34,11.860000000000003,[430 849  45 376 939 757 976  89]
706,21.583333333333332,-3.2666666666666657,[812  33 196 981 326 934 643 844]
707,18.083333333333332,6.699999999999999,[  2 383 577 487 836 133 610 448]
708,20.900000000000002,1.1999999999999993,[190 817 595 367   5 668 416 965]
709,12.562500000000004,0.6999999999999993,[120 268 842 613 419 770  13 947]
710,1.637500000000001,9.462500000000002,[220 928 219 393 929 251 113 413]
711,-9.991666666666665,-4.958333333333334,[285  29 170 535 728 918 964 966]
712,15.200000000000003,-2.33,[116 469  72 814]
713,21.283333333333335,6.425000000000001,[489 189 333  58 610 127 525 223]
714,-10.24,0.040000000000000924,[150 332 879  22 470 726 592 187]
715,6.730000000000004,-0.040000000000000924,[197 768 810 388]
716,-3.1249999999999982,-12.05,[213 542 824 394  39 747 926  92]
717,18.075000000000003,3.6083333333333307,[530  84 588 249 527 240 163 383]
718,-5.699999999999999,-0.4400000000000013,[101 306 193 270 841 702 638 342]
719,-10.32,12.930000000000003,[546 428 205  57 420 694 763 124]
720,5.25,-9.990000000000002,[152 515 254 682 331 796 930 637]
721,14.807142857142857,11.55,[467 883 411  75 831 105 508 138]
722,3.056250000000002,2.78125,[809  70 176 309]
723,21.412500000000005,12.45,[698 182 573  15 849 355 701 376]
724,-3.674999999999999,-5.8500000000000005,[421 871 813 735 933 273 833 112]
725,2.9125000000000014,4.324999999999999,[496 443 734 597  23 507]
726,-10.3875,-1.4000000000000004,[678  62 150 689 332 184 877 714]
727,21.083333333333332,-13.341666666666667,[298  50 737 485 374 630 908 316]
728,-9.899999999999999,-6.290000000000001,[410 966 170 942 327  29 711 185]
729,20.162500000000005,-5.106250000000001,[128 731 196 275 816 643 642 503]
730,25.8,-1.7285714285714278,[ 56 248 195 378 129 743 319 391]
731,20.016666666666662,-6.283333333333333,[128 816  99 512 729 642 670 850]
732,0.9857142857142875,-10.621428571428572,[445  78 329 645 750 148 949 102]
733,14.466666666666665,-8.05,[]
734,1.8000000000000007,3.9875000000000007,[507 496 725 123  23]
735,-3.6249999999999982,-4.85,[112 813 724 833 194 871 359 704]
736,-2.508333333333331,2.741666666666667,[255 924 119 653 992 161 783 611]
737,22.080000000000002,-13.440000000000001,[316 727 908  50 298 374 263 477]
738,11.012500000000003,-6.7,[456 815 826 581 215 108 799]
739,-1.487499999999999,-5.112500000000001,[598 227 704 273 497 813 112]
740,-2.833333333333332,11.633333333333333,[462 950 364  81 864 819 901 872]
741,23.412500000000005,-2.6125000000000007,[391 999 129 779 934 165 107 526]
742,-8.466666666666665,5.824999999999999,[239 568 344 627 166  44 347 559]
743,25.366666666666664,0.01666666666666572,[319 214 699 625 195  56 536 730]
744,5.650000000000002,13.133333333333333,[294 455  53 563 673 873 567 126]
745,-5.766666666666665,-12.850000000000001,[143 607 911 404 968 603 746 394]
746,-5.512499999999999,-11.287500000000001,[403 143 968 748 394 745 516 243]
747,-2.2749999999999986,-13.2375,[542  67 401 716 824 604 648  92]
748,-4.549999999999999,-10.725000000000001,[ 24 213 746 516 403 394 675 926]
749,-6.799999999999999,9.583333333333332,[ 71 415 451 659 396 800 234 686]
750,0.4250000000000007,-12.083333333333334,[329 348 148 545 648 732 589 604]
751,-7.849999999999999,-7.2,[185 952 136 422 616 410 312 966]
752,11.012500000000003,-9.787500000000001,[]
753,-8.45,-12.0875,[ 10 569 890 603 658 179 243 381]
754,-10.23333333333333,-11.100000000000001,[960 296 381 608 278 853 569  65]
755,6.637500000000003,-2.2874999999999996,[]
756,10.55,11.133333333333333,[993 369 996 202 584 549 903 151]
757,20.05,10.966666666666665,[430  89 849 705 606 274 636 939]
758,-3.7333333333333325,7.516666666666666,[478 208 259 283 538 181 951  37]
759,22.937500000000004,-5.125,[207 615 107 656 981 335 275 154]
760,15.666666666666664,3.1583333333333314,[163 855 588 776]
761,4.650000000000002,9.25,[504 839  18 476 280 118 617 873]
762,13.430000000000003,-1.879999999999999,[]
763,-9.316666666666665,11.083333333333332,[694 242 546 124 979 917 626 686]
764,9.55,-12.700000000000001,[453  80 859 171 350 514 677 221]
765,17.6625,-7.325,[ 42 231 318 426 670 991 324 790]
766,21.05,-8.290000000000001,[199 425 850   6 471 862  99 512]
767,12.8625,9.3,[132 585 287 647 449 345 491 831]
768,6.050000000000001,0.5749999999999993,[388 715 197 631 139]
769,11.278571428571428,3.9571428571428555,[377 281 834]
770,11.762500000000003,-0.4375,[419 268 156 358 709 613]
771,10.640000000000004,-0.05000000000000071,[]
772,6.266666666666666,4.033333333333331,[ 91 884 300 244]
773,22.74,-7.33,[245 481   6 615 506 916 774 850]
774,24.05,-6.483333333333333,[154 615 245 954 271 773 759 186]
775,4.0,7.719999999999999,[174 504 617 118 413 761 495]
776,15.440000000000001,1.8099999999999987,[115 897 760 163]
777,23.34,12.120000000000001,[264  15 641 701 539 355 847 698]
778,9.008333333333336,10.433333333333334,[501 222 369 151 993 996 601 827]
779,23.8,-3.5,[803 934 107 741 129 335 391 248]
780,6.185714285714287,8.071428571428573,[118 463 280 839 504]
781,24.837500000000002,8.087500000000002,[226 519 131 524 646  28 906 429]
782,-0.03333333333333144,12.341666666666665,[  1 260 571 373 872 462 802 925]
783,-2.2833333333333314,1.3166666666666664,[255 654 736 653  40 119 876 289]
784,-3.841666666666665,-1.5749999999999993,[ 63 649 995 321 702 624 306 452]
785,5.506250000000001,-11.756250000000001,[155 331 682  77 293 672 460 515]
786,15.900000000000002,9.566666666666666,[570 921 284  31  75 972 168 164]
787,-3.8499999999999996,-8.266666666666666,[238  73 466 375 863 669 304 591]
788,-5.524999999999999,7.4375,[283 180  96 234 259 758 684 451]
789,-9.125,-7.9,[312 185 410 544 959 952 942 851]
790,17.875000000000004,-5.450000000000001,[318 587 209 642 998 503 231 662]
791,25.533333333333335,-12.216666666666667,[145 910 252 838  20 621 477 371]
792,25.770000000000007,10.630000000000003,[ 64 885 510 919 847 524 226 264]
793,11.600000000000001,-12.350000000000001,[412   0 674 514 357 169 153 582]
794,23.475000000000005,-0.05000000000000071,[277 526 866 214 195  21 165 367]
795,24.641666666666662,4.516666666666666,[ 74 464 502 147 407 523 679 291]
796,4.800000000000001,-8.680000000000001,[254  46 720 152 328 515 210 444]
797,16.358333333333334,-9.866666666666667,[310 620 955 157 140 272 932]
798,15.850000000000001,-8.283333333333333,[157 426 955 360 620]
799,9.375000000000004,-6.7125,[826 246  82 456 982 574 738]
800,-6.766666666666665,10.666666666666668,[ 71 985 415 396 749 686 400 247]
801,-1.6999999999999993,-3.5124999999999993,[359 598 704 104 874 739 112]
802,2.1000000000000014,11.75,[251 109 571 267 925 567 929   1]
803,24.537500000000005,-3.8499999999999996,[335 779 129 248 378 805 107  30]
804,19.200000000000003,1.0500000000000007,[416 240 349 190 937  38 708   5]
805,25.787500000000005,-4.512500000000001,[ 30 378 803 335 954 600 154 248]
806,1.31666666666667,-7.466666666666666,[323 160 454 520 399]
807,3.8000000000000007,-6.525,[444  90 881 384 520 635  46 210]
808,9.610000000000003,-1.290000000000001,[  4 290 882 325]
809,2.330000000000002,2.469999999999999,[722 309 176  70 578]
810,7.100000000000001,-1.4499999999999993,[ 88 197 715]
811,-0.29999999999999893,4.533333333333331,[123 534 967 905  51 370 447]
812,21.3625,-2.3499999999999996,[326  33 706 676 997 165 844 125]
813,-2.9374999999999982,-5.387500000000001,[871 112 273 724 735 704 933 497]
814,16.937500000000004,-2.8249999999999993,[469 211 662  86  72 427 644 852]
815,11.557142857142857,-7.4714285714285715,[215 531 738 633 581 826]
816,21.025000000000002,-6.112500000000001,[275 506 512 731 850 729 656 207]
817,20.95,0.3000000000000007,[668 913 708  93 190 416 367 866]
818,-6.649999999999999,12.2,[923 417 400 985 162  19 800 247]
819,-2.2499999999999982,10.033333333333331,[364 330 135 435 181 894 898 970]
820,14.925,-11.6125,[ 61 110 550 685 140 892 956 314]
821,-7.63333333333333,-9.983333333333334,[458 134 890 851 511 479 243  34]
822,17.512500000000003,11.900000000000002,[500 379 265  45 971 939 976 105]
823,-8.641666666666666,2.6416666666666657,[560 250 912 835 490 978 159 592]
824,-1.9124999999999979,-11.700000000000001,[ 39 648 401 716 148 518 747 542]
825,22.420000000000005,9.510000000000002,[178 547 114 429 533 274 355 641]
826,10.037500000000001,-7.25,[799 574 738 456 815  82]
827,10.120000000000001,9.45,[601 387 996   9 549 369 222 778]
828,-7.037499999999999,2.9624999999999986,[ 60 282 614 912 978 382 823 250]
829,13.966666666666665,5.25,[609 938  79 175 834]
830,1.6750000000000007,6.662500000000001,[ 95 336 495  23 413 363 174 597]
831,13.8,10.740000000000002,[647 467 408  75 721 449 138  31]
832,2.370000000000001,-2.0299999999999994,[142  27 392 262 605 480 177 948]
833,-4.719999999999999,-4.890000000000001,[194 619 735 317 724 667 112 693]
834,12.564285714285717,5.042857142857141,[ 79 377 175 657 938 829 281 609]
835,-9.19,3.66,[250 560  44 509 823 978 341 239]
836,18.466666666666665,8.241666666666667,[228 521 448   2 975 707 610 636]
837,19.98333333333333,3.333333333333332,[936 530 232   5 965 450 628 240]
838,25.130000000000006,-13.31,[ 20 621 791 145 316 477 252 910]
839,5.558333333333337,9.066666666666666,[280 476 761 504 118 780 106  18]
840,-11.8875,1.9625000000000004,[187 660 340 879 957  69 470 592]
841,-6.512499999999999,0.5875000000000004,[193 382 718 614 101 424 159 640]
842,13.775000000000002,0.6999999999999993,[709 613  13]
843,14.450000000000003,3.5,[]
844,20.037500000000005,-3.3000000000000007,[643  33 305 676 852 196 706 812]
845,-11.966666666666665,-9.0,[366 183 580 117 655 296 278 959]
846,5.230000000000004,3.460000000000001,[]
847,24.675,11.850000000000001,[264 539  64 510 777 946 919 146]
848,12.96,-3.59,[]
849,20.075,12.087500000000002,[705 376 182 430 757 723  45 976]
850,21.1375,-7.3875,[512   6 506 766  99 816 199 471]
851,-8.48,-9.190000000000001,[479  34 312 544 821 458 952 789]
852,18.660000000000004,-3.1500000000000004,[ 86 305 427 844 503 209 643 211]
853,-10.39,-12.57,[179 590  65 608 569 958 754 602]
854,0.8500000000000014,-6.575,[]
855,16.166666666666664,4.266666666666666,[588 760 249 907 487]
856,-10.475,7.350000000000001,[ 11 347 532 229  35 166 528 629]
857,7.650000000000002,-8.600000000000001,[431  32 860 328 637 483  82 904]
858,18.310000000000006,-11.64,[ 26 988 423 354 272 932 622 886]
859,9.3,-13.5625,[ 80 350 764 453 171 346 674 514]
860,8.700000000000003,-8.8125,[395  32 857 103 574  82 984 575]
861,-5.299999999999999,3.8500000000000014,[334 414 279 596  60 282 201 992]
862,20.583333333333332,-9.516666666666666,[492 199 973 977  83 206 766  87]
863,-2.7749999999999986,-8.791666666666666,[304 218 591 787 675 665  73 238]
864,-2.709999999999999,12.820000000000004,[ 81 462 872 740 950 901 260 540]
865,4.560000000000002,4.530000000000001,[]
866,22.310000000000006,-0.3699999999999992,[ 93 668 277 997 165 794 367 526]
867,-0.21249999999999858,7.824999999999999,[363  55 113 313 888 896 928 970]
868,-6.59,-8.39,[511  48 922 422 241 952 479 134]
869,4.780000000000001,2.3200000000000003,[139 244 940 388 631]
870,22.55,2.6999999999999993,[914 203 595 368 438  21 450 147]
871,-2.92,-5.940000000000001,[813 273 724 933 421 497 735 112]
872,-1.8166666666666647,13.116666666666664,[864 260 462  81 740 782 950 901]
873,4.810000000000002,10.900000000000002,[126 563 476  18 294 267 761 567]
874,-1.5749999999999993,-2.0250000000000004,[452 104 995 801 359]
875,25.95,-9.8,[ 47 910 252 664 371 457 186 791]
876,-0.7833333333333314,0.8499999999999996,[289 783 654 653]
877,-10.774999999999999,-2.625,[678  62 498 918 623 726 943 184]
878,14.920000000000002,-9.27,[]
879,-11.133333333333331,0.6500000000000004,[470 187 714 150 840 592  69 332]
880,-11.899999999999999,-13.3,[307 602  65 590 853 608 179 958]
881,4.9375,-6.4,[444 210 807 537 635 652 111  46]
882,9.425,-2.6416666666666657,[372   4 661 808 433 322]
883,15.489999999999998,11.120000000000001,[105 721 411  75 467 570 786 971]
884,6.300000000000001,5.100000000000001,[300 772  43 261 700  91 548]
885,25.900000000000002,9.650000000000002,[524 792 226  64 919 781 131 510]
886,16.8,-12.283333333333333,[354 956 110 517  26 932 140 225]
887,7.850000000000001,3.8125,[]
888,-0.3999999999999986,6.483333333333331,[447 212 363 867 336 534 967  55]
889,-0.5624999999999982,-0.5,[]
890,-7.78,-11.110000000000001,[243 458 821 753 968 603  10 381]
891,0.6875000000000018,3.5124999999999993,[]
892,14.600000000000001,-10.283333333333333,[ 61 685 620 820 552]
893,10.51666666666667,2.6499999999999986,[]
894,-2.424999999999999,8.675,[330 898 951 181 478 208 819 896]
895,15.230000000000004,-5.75,[390 494 149  14 360 680 587 632]
896,-1.678571428571427,7.449999999999999,[951  55 212 538 898 208 894 867]
897,16.450000000000003,1.5599999999999987,[257 776 163 115 527 937 760]
898,-1.8249999999999993,8.625,[894 951 330  55 896 970 313 819]
899,15.492857142857147,6.678571428571427,[133 618 907 972]
900,13.140000000000004,3.34,[499 175 666  13]
901,-4.233333333333332,12.7,[540  81 950 162 864 740 417 247]
902,22.360000000000003,-11.060000000000002,[263 558 945  83 374 477 977 908]
903,11.900000000000002,10.73333333333333,[287 202 549 408 756 484 996   9]
904,6.512500000000003,-7.737500000000001,[130 328 431 210 857 537  82 637]
905,-0.9749999999999979,3.8500000000000014,[161  51 370 811 924 967 653 695]
906,25.825,6.75,[131 646 407 781 524 523  74 226]
907,16.310000000000006,5.699999999999999,[133 487 899 855 249 588]
908,22.6375,-12.575000000000001,[263 316 737 477  50 902 374 621]
909,3.137500000000001,-12.70625,[ 94 141 920 405 589   8 545 949]
910,26.05,-11.200000000000001,[252 791 875 145  47 371 838  20]
911,-5.249999999999999,-13.616666666666667,[607 745  92 404 143 394 746 603]
912,-7.733333333333331,1.9833333333333343,[159 614 823 490 828 640 382 250]
913,20.383333333333336,-0.38333333333333464,[817 416  93 125 486 668 708 190]
914,23.083333333333332,2.8166666666666664,[870 438 203 147 368 291  21 595]
915,4.383333333333336,-2.0250000000000004,[]
916,23.120000000000008,-8.830000000000002,[481 361 173 457 245 425 558 186]
917,-10.166666666666664,9.816666666666666,[242 626  35 990 472 694 763 269]
918,-10.375,-3.5500000000000007,[535 498 877 943  62 285 711 204]
919,24.425,10.425,[ 64 264 429 792 641 847 226 114]
920,3.650000000000002,-13.5625,[ 94 909 405 460 141 545   8 155]
921,15.370000000000001,8.930000000000003,[284  31 164 972 786 618 449  75]
922,-6.13333333333333,-9.283333333333333,[511 134 868 516 669 403  48 375]
923,-6.971428571428568,12.87857142857143,[ 19 818 162 400 417 985 124 540]
924,-1.9999999999999982,3.4166666666666643,[161 736 611 653 905  51 255 119]
925,2.0900000000000016,13.04,[109 683 802   1 567 571 251 267]
926,-3.1899999999999995,-10.440000000000001,[675 218  39 213  24 748 716 518]
927,-11.866666666666665,-6.616666666666666,[327 655 612  29 366 942 728 380]
928,1.1187500000000021,8.625,[113 710 220  95 413 867 219 313]
929,2.700000000000001,10.3625,[393 251 267  18 710 802 126 220]
930,3.9250000000000007,-10.7125,[682   8 515 697 331 254 949 720]
931,5.760000000000002,-2.5500000000000007,[88]
932,17.1125,-11.0,[272 140 886 310 858 797 354 432]
933,-2.6499999999999986,-6.800000000000001,[ 73 871 497 591 273 421 724 813]
934,22.95,-3.4749999999999996,[107 779 741 706 981 129 803 759]
935,3.3200000000000003,-0.08000000000000185,[385 555 177 142 940 480 578]
936,19.850000000000005,2.6875,[  5 837 965 530 240 450 190 232]
937,17.9875,0.875,[ 38 257 349 804 961 527 240 897]
938,13.410000000000004,6.09,[ 79 829 834 657 609]
939,18.575000000000003,11.1875,[430 500  45 705 636 822  89 757]
940,4.428571428571431,1.242857142857142,[139 385 869 388  70 935 768]
941,18.333333333333332,-13.416666666666666,[517  26 354 485 858 886 423 225]
942,-10.237499999999999,-7.325,[655 327 728 117 410 959 789 966]
943,-11.35,-3.9333333333333336,[204 535 380 918 623 877 612  29]
944,-0.8166666666666647,-6.75,[227 497 256 273 562]
945,23.3875,-10.637500000000001,[558 371 173 902 477 263 361 457]
946,24.712500000000002,13.287500000000001,[146 539 847 777 264 510 701  15]
947,11.05,1.4499999999999993,[120 268]
948,3.8125,-2.8249999999999993,[605  27 692 832]
949,2.5166666666666693,-11.116666666666667,[ 78 589   8 141 389 930 697 732]
950,-3.799999999999999,11.916666666666664,[ 81 901 740 864 540 639 462 364]
951,-2.083333333333332,7.900000000000002,[896 898 894 208  55 538 330 478]
952,-7.88333333333333,-7.933333333333334,[751 185 312 479 422 789 868 851]
953,-11.420000000000002,10.870000000000001,[472 137 650 428 694 990 242 917]
954,25.150000000000002,-6.050000000000001,[154 600  30 271 774 805 335 615]
955,16.44,-9.0,[157 797 310 798 620  42 426]
956,16.2375,-12.8,[886 225 110 459 517 354 140 820]
957,-10.98333333333333,3.3999999999999986,[509 340 660 158  69 341 840 560]
958,-9.566666666666665,-13.566666666666666,[179 590 658 853 569  10 753  65]
959,-9.98333333333333,-8.45,[544 117 789 942 580 278 312  34]
960,-9.899999999999999,-10.3125,[278 381 754  34 296 580 544 458]
961,17.607142857142858,-0.4642857142857135,[440  38 644 349 937 288 211 486]
962,7.650000000000002,0.8000000000000007,[]
963,8.100000000000001,2.530000000000001,[439 122 565 286 475 572]
964,-8.58,-4.280000000000001,[285 634 237 302 170 599 711 498]
965,20.89285714285715,2.7214285714285715,[450   5 936 837 595 203 708 190]
966,-8.899999999999999,-6.216666666666666,[410 170 728 634 185 136 751 711]
967,-0.9999999999999982,5.068750000000001,[695  51 811 447 905 534 212 888]
968,-6.549999999999999,-11.55,[243 143 603 746 403 890 745 134]
969,4.666666666666668,4.0,[]
970,-0.8249999999999993,9.2625,[313 898 135  55 867 330 819 219]
971,17.125000000000004,10.837500000000002,[500 168 570 822 105 975 939 265]
972,15.425,8.162500000000001,[618 284 921 164 233  31 491 786]
973,19.781250000000004,-9.175,[862 471  87 324 199 622 492 991]
974,7.800000000000001,-0.6166666666666654,[]
975,17.733333333333334,9.5,[168 228 448 570 636 836 971 500]
976,18.6125,12.900000000000002,[ 45 379 376 705 822 849 939 430]
977,20.910000000000007,-10.620000000000001,[492 206  83 862 630 374 902  87]
978,-8.009999999999998,3.8200000000000003,[250 627 835 282 828 239 823  44]
979,-8.416666666666664,10.266666666666666,[188 686 415 626 763 124  71 659]
980,-5.066666666666665,-7.050000000000001,[466 693 241 375  48 421 317 616]
981,21.850000000000005,-4.41,[656 196 275 706 107 759 207 934]
982,8.150000000000002,-6.133333333333333,[235 246 482  82 799 561 130 431]
983,14.150000000000002,-0.6999999999999993,[]
984,8.683333333333337,-10.266666666666666,[221 103  32 677 483 556 860 395]
985,-6.591666666666665,11.183333333333334,[800 400 417 818  71 247 396 686]
986,15.137500000000003,4.774999999999999,[]
987,7.600000000000001,-4.0,[]
988,18.833333333333332,-10.908333333333333,[622 858 423  87 206 432 272  26]
989,23.400000000000002,5.75,[523 223 464 525  28 333 489 646]
990,-11.08333333333333,9.533333333333331,[269 650 917  35 472 137 953 229]
991,19.04,-7.8500000000000005,[670 324 471  99 765 973  42 318]
992,-3.7124999999999986,3.1750000000000007,[119 279 736 611 334 861 924 596]
993,9.840000000000003,11.380000000000003,[369 756 151 996 584 778 202 687]
994,11.475000000000001,7.337500000000002,[]
995,-2.8499999999999996,-1.5250000000000004,[452 784 321  63 874 654 649 702]
996,10.337500000000002,10.375,[369 549 756 827 993   9 778 601]
997,22.040000000000003,-1.4100000000000001,[326 165 866  93 812 999 526 668]
998,16.906250000000004,-4.625,[662 587  14 209 790  86 494  72]
999,23.162500000000005,-1.7375000000000007,[165 391 526 741 997 326 129 866]
